{
  "name": "matchHeight",
  "version": "0.7.0",
  "homepage": "https://github.com/liabru/jquery-match-height",
  "authors": [
    "Liam Brummitt <liam@brm.io> (http://brm.io/)"
  ],
  "description": "a more robust, responsive equal heights plugin for jQuery",
  "main": "dist/jquery.matchHeight.js",
  "keywords": [
    "matchHeight",
    "equal",
    "match",
    "height",
    "equalize",
    "columns"
  ],
  "license": "MIT",
  "ignore": [
    "**/.*",
    "node_modules",
    "bower_components",
    "test",
    "tests"
  ],
  "_release": "0.7.0",
  "_resolution": {
    "type": "version",
    "tag": "0.7.0",
    "commit": "a9ca9918931ca5322abcaf97f85d85fdd5735835"
  },
  "_source": "git://github.com/liabru/jquery-match-height.git",
  "_target": "^0.7.0",
  "_originalSource": "matchheight",
  "_direct": true
}